run_length,threshold_quantile,threshold,n_exceedances,n_clusters,p_hat,theta_runs,lambda_indep,lambda_runs,lambda_runs_ci_lower,lambda_runs_ci_upper,n_bootstrap,block_size
1,0.9,2.5365916610973556,500,500,0.1,1.0,0.11111111111111112,0.1,0.0998,0.1006036217303823,250,40
2,0.9,2.5365916610973556,500,500,0.1,1.0,0.12345679012345678,0.1,0.10020040080160321,0.10123001329876212,250,40
4,0.9,2.5365916610973556,500,444,0.1,0.888,0.1524157902758726,0.11261261261261261,0.11152757383627608,0.11737089201877936,250,40
6,0.9,2.5365916610973556,500,335,0.1,0.67,0.18816764231589206,0.14925373134328357,0.14450867052023122,0.15911923321901028,250,40
8,0.9,2.5365916610973556,500,243,0.1,0.486,0.23230573125418771,0.205761316872428,0.19684398151318042,0.2213342222222222,250,40
