quantile,threshold,n_exceedances,n_clusters,p_hat,theta_indep,theta_runs,theta_cluster_mean,lambda_indep,lambda_runs,theta_runs_ci_lower,theta_runs_ci_upper,lambda_runs_ci_lower,lambda_runs_ci_upper,n_bootstrap,block_size
0.9,2.5365916610973556,500,444,0.1,0.6561,0.888,0.888,0.1524157902758726,0.11261261261261261,0.8478,0.896,0.11138164556583609,0.1179529968015575,250,40
0.93,2.860402891693994,350,318,0.07,0.7480520099999998,0.9085714285714286,0.9085714285714286,0.09357638113959486,0.07704402515723272,0.8710601719197708,0.9226361031518625,0.0758513931888545,0.08013223684210526,250,40
0.95,3.1958378584607527,250,250,0.05,0.8145062499999999,1.0,1.0,0.06138688315774128,0.05,0.9759469879518072,0.9982,0.049803265306122446,0.05122950819672131,250,40
0.97,3.629454313962744,150,150,0.03,0.8852928099999999,1.0,1.0,0.033887093243194874,0.03,0.98,1.0,0.0298,0.030612244897959183,250,40
0.99,4.823942432450424,50,50,0.01,0.96059601,1.0,1.0,0.010410203556852168,0.01,0.9795918367346939,1.0,0.0096,0.010204081632653062,250,40
